ts,action,ticker,side,type,price,count,tif,client_order_id,result
2025-11-08T05:02:59.213774Z,place,KXEPLGAME-25NOV08CFCWOL-CFC,yes,limit,0.01,2,GTC,31ee3a08-3275-4996-b04b-214626ddf85b,"{""dry_run"": true, ""echo"": {""path"": ""orders"", ""params"": null, ""body"": {""ticker"": ""KXEPLGAME-25NOV08CFCWOL-CFC"", ""side"": ""yes"", ""type"": ""limit"", ""price"": 0.01, ""count"": 2, ""time_in_force"": ""GTC"", ""client_order_id"": ""31ee3a08-3275-4996-b04b-214626ddf85b""}}}"
2025-11-08T05:02:59.213986Z,place,KXEPLGAME-25NOV08CFCWOL-CFC,no,limit,0.01,2,GTC,4029eeba-ef1b-4a6e-a038-404d7482c1a9,"{""dry_run"": true, ""echo"": {""path"": ""orders"", ""params"": null, ""body"": {""ticker"": ""KXEPLGAME-25NOV08CFCWOL-CFC"", ""side"": ""no"", ""type"": ""limit"", ""price"": 0.01, ""count"": 2, ""time_in_force"": ""GTC"", ""client_order_id"": ""4029eeba-ef1b-4a6e-a038-404d7482c1a9""}}}"
2025-11-08T05:02:59.327082Z,place,KXEPLGAME-25NOV08CFCWOL-TIE,yes,limit,0.01,2,GTC,cbfdb827-4ffc-4a58-824e-ca1d0f86e939,"{""dry_run"": true, ""echo"": {""path"": ""orders"", ""params"": null, ""body"": {""ticker"": ""KXEPLGAME-25NOV08CFCWOL-TIE"", ""side"": ""yes"", ""type"": ""limit"", ""price"": 0.01, ""count"": 2, ""time_in_force"": ""GTC"", ""client_order_id"": ""cbfdb827-4ffc-4a58-824e-ca1d0f86e939""}}}"
2025-11-08T05:02:59.327226Z,place,KXEPLGAME-25NOV08CFCWOL-TIE,no,limit,0.01,2,GTC,500bef22-d2ab-4d69-a329-dedcf7771c4e,"{""dry_run"": true, ""echo"": {""path"": ""orders"", ""params"": null, ""body"": {""ticker"": ""KXEPLGAME-25NOV08CFCWOL-TIE"", ""side"": ""no"", ""type"": ""limit"", ""price"": 0.01, ""count"": 2, ""time_in_force"": ""GTC"", ""client_order_id"": ""500bef22-d2ab-4d69-a329-dedcf7771c4e""}}}"
2025-11-08T05:02:59.439870Z,place,KXEPLGAME-25NOV08CFCWOL-WOL,yes,limit,0.01,2,GTC,2e2d368f-1fcd-4307-b97f-a0156d0099a2,"{""dry_run"": true, ""echo"": {""path"": ""orders"", ""params"": null, ""body"": {""ticker"": ""KXEPLGAME-25NOV08CFCWOL-WOL"", ""side"": ""yes"", ""type"": ""limit"", ""price"": 0.01, ""count"": 2, ""time_in_force"": ""GTC"", ""client_order_id"": ""2e2d368f-1fcd-4307-b97f-a0156d0099a2""}}}"
2025-11-08T05:02:59.440014Z,place,KXEPLGAME-25NOV08CFCWOL-WOL,no,limit,0.01,2,GTC,310a2726-2844-415b-addf-9a146242f028,"{""dry_run"": true, ""echo"": {""path"": ""orders"", ""params"": null, ""body"": {""ticker"": ""KXEPLGAME-25NOV08CFCWOL-WOL"", ""side"": ""no"", ""type"": ""limit"", ""price"": 0.01, ""count"": 2, ""time_in_force"": ""GTC"", ""client_order_id"": ""310a2726-2844-415b-addf-9a146242f028""}}}"
2025-11-08T05:02:59.551673Z,place,KXEPLGAME-25NOV08EVEFUL-EVE,yes,limit,0.01,2,GTC,f9fa7889-2092-4f0c-a926-9e1709f201f5,"{""dry_run"": true, ""echo"": {""path"": ""orders"", ""params"": null, ""body"": {""ticker"": ""KXEPLGAME-25NOV08EVEFUL-EVE"", ""side"": ""yes"", ""type"": ""limit"", ""price"": 0.01, ""count"": 2, ""time_in_force"": ""GTC"", ""client_order_id"": ""f9fa7889-2092-4f0c-a926-9e1709f201f5""}}}"
2025-11-08T05:02:59.551778Z,place,KXEPLGAME-25NOV08EVEFUL-EVE,no,limit,0.01,2,GTC,566c4617-c6f2-4fe0-a4df-ebd2d21f2cd9,"{""dry_run"": true, ""echo"": {""path"": ""orders"", ""params"": null, ""body"": {""ticker"": ""KXEPLGAME-25NOV08EVEFUL-EVE"", ""side"": ""no"", ""type"": ""limit"", ""price"": 0.01, ""count"": 2, ""time_in_force"": ""GTC"", ""client_order_id"": ""566c4617-c6f2-4fe0-a4df-ebd2d21f2cd9""}}}"
2025-11-08T05:02:59.686182Z,place,KXEPLGAME-25NOV08EVEFUL-FUL,yes,limit,0.01,2,GTC,62d5543d-b402-4e89-8cbc-d4b714456c5d,"{""dry_run"": true, ""echo"": {""path"": ""orders"", ""params"": null, ""body"": {""ticker"": ""KXEPLGAME-25NOV08EVEFUL-FUL"", ""side"": ""yes"", ""type"": ""limit"", ""price"": 0.01, ""count"": 2, ""time_in_force"": ""GTC"", ""client_order_id"": ""62d5543d-b402-4e89-8cbc-d4b714456c5d""}}}"
2025-11-08T05:02:59.686287Z,place,KXEPLGAME-25NOV08EVEFUL-FUL,no,limit,0.01,2,GTC,7aefc913-6ef1-4ab1-9461-8d0a26beaeb3,"{""dry_run"": true, ""echo"": {""path"": ""orders"", ""params"": null, ""body"": {""ticker"": ""KXEPLGAME-25NOV08EVEFUL-FUL"", ""side"": ""no"", ""type"": ""limit"", ""price"": 0.01, ""count"": 2, ""time_in_force"": ""GTC"", ""client_order_id"": ""7aefc913-6ef1-4ab1-9461-8d0a26beaeb3""}}}"
2025-11-08T05:02:59.816740Z,place,KXEPLGAME-25NOV08EVEFUL-TIE,yes,limit,0.01,2,GTC,34a20c33-90aa-4d2e-abcf-0558dfb01791,"{""dry_run"": true, ""echo"": {""path"": ""orders"", ""params"": null, ""body"": {""ticker"": ""KXEPLGAME-25NOV08EVEFUL-TIE"", ""side"": ""yes"", ""type"": ""limit"", ""price"": 0.01, ""count"": 2, ""time_in_force"": ""GTC"", ""client_order_id"": ""34a20c33-90aa-4d2e-abcf-0558dfb01791""}}}"
2025-11-08T05:02:59.816828Z,place,KXEPLGAME-25NOV08EVEFUL-TIE,no,limit,0.01,2,GTC,2efa97f9-9b7d-4c78-9a6c-621278c6db8d,"{""dry_run"": true, ""echo"": {""path"": ""orders"", ""params"": null, ""body"": {""ticker"": ""KXEPLGAME-25NOV08EVEFUL-TIE"", ""side"": ""no"", ""type"": ""limit"", ""price"": 0.01, ""count"": 2, ""time_in_force"": ""GTC"", ""client_order_id"": ""2efa97f9-9b7d-4c78-9a6c-621278c6db8d""}}}"
2025-11-08T05:03:00.225348Z,place,KXEPLGAME-25NOV08SUNARS-ARS,yes,limit,0.01,2,GTC,32a8966c-bd23-4c29-b033-b50de402d7ca,"{""dry_run"": true, ""echo"": {""path"": ""orders"", ""params"": null, ""body"": {""ticker"": ""KXEPLGAME-25NOV08SUNARS-ARS"", ""side"": ""yes"", ""type"": ""limit"", ""price"": 0.01, ""count"": 2, ""time_in_force"": ""GTC"", ""client_order_id"": ""32a8966c-bd23-4c29-b033-b50de402d7ca""}}}"
2025-11-08T05:03:00.225539Z,place,KXEPLGAME-25NOV08SUNARS-ARS,no,limit,0.01,2,GTC,a58770f7-8839-44dd-ade3-de350f6ea7ba,"{""dry_run"": true, ""echo"": {""path"": ""orders"", ""params"": null, ""body"": {""ticker"": ""KXEPLGAME-25NOV08SUNARS-ARS"", ""side"": ""no"", ""type"": ""limit"", ""price"": 0.01, ""count"": 2, ""time_in_force"": ""GTC"", ""client_order_id"": ""a58770f7-8839-44dd-ade3-de350f6ea7ba""}}}"
2025-11-08T05:03:00.373832Z,place,KXEPLGAME-25NOV08SUNARS-SUN,yes,limit,0.01,2,GTC,363f0575-efbc-4333-bdfd-dad302669b4f,"{""dry_run"": true, ""echo"": {""path"": ""orders"", ""params"": null, ""body"": {""ticker"": ""KXEPLGAME-25NOV08SUNARS-SUN"", ""side"": ""yes"", ""type"": ""limit"", ""price"": 0.01, ""count"": 2, ""time_in_force"": ""GTC"", ""client_order_id"": ""363f0575-efbc-4333-bdfd-dad302669b4f""}}}"
2025-11-08T05:03:00.374032Z,place,KXEPLGAME-25NOV08SUNARS-SUN,no,limit,0.01,2,GTC,93a38d5e-d610-4993-bcef-340f8280d231,"{""dry_run"": true, ""echo"": {""path"": ""orders"", ""params"": null, ""body"": {""ticker"": ""KXEPLGAME-25NOV08SUNARS-SUN"", ""side"": ""no"", ""type"": ""limit"", ""price"": 0.01, ""count"": 2, ""time_in_force"": ""GTC"", ""client_order_id"": ""93a38d5e-d610-4993-bcef-340f8280d231""}}}"
2025-11-08T05:03:00.648157Z,place,KXEPLGAME-25NOV08SUNARS-TIE,yes,limit,0.01,2,GTC,0eb511e4-1ccf-4763-8681-2dbb3f6bcfad,"{""dry_run"": true, ""echo"": {""path"": ""orders"", ""params"": null, ""body"": {""ticker"": ""KXEPLGAME-25NOV08SUNARS-TIE"", ""side"": ""yes"", ""type"": ""limit"", ""price"": 0.01, ""count"": 2, ""time_in_force"": ""GTC"", ""client_order_id"": ""0eb511e4-1ccf-4763-8681-2dbb3f6bcfad""}}}"
2025-11-08T05:03:00.648332Z,place,KXEPLGAME-25NOV08SUNARS-TIE,no,limit,0.01,2,GTC,3aab3545-df63-4572-9bd5-e328cef6169d,"{""dry_run"": true, ""echo"": {""path"": ""orders"", ""params"": null, ""body"": {""ticker"": ""KXEPLGAME-25NOV08SUNARS-TIE"", ""side"": ""no"", ""type"": ""limit"", ""price"": 0.01, ""count"": 2, ""time_in_force"": ""GTC"", ""client_order_id"": ""3aab3545-df63-4572-9bd5-e328cef6169d""}}}"
2025-11-08T05:03:00.856991Z,place,KXEPLGAME-25NOV08TOTMUN-MUN,yes,limit,0.01,2,GTC,da9f0f10-a3b2-4cf7-be64-a90a354724bf,"{""dry_run"": true, ""echo"": {""path"": ""orders"", ""params"": null, ""body"": {""ticker"": ""KXEPLGAME-25NOV08TOTMUN-MUN"", ""side"": ""yes"", ""type"": ""limit"", ""price"": 0.01, ""count"": 2, ""time_in_force"": ""GTC"", ""client_order_id"": ""da9f0f10-a3b2-4cf7-be64-a90a354724bf""}}}"
2025-11-08T05:03:00.857137Z,place,KXEPLGAME-25NOV08TOTMUN-MUN,no,limit,0.01,2,GTC,04341cc1-0274-4e4c-bb29-91f7fc702edc,"{""dry_run"": true, ""echo"": {""path"": ""orders"", ""params"": null, ""body"": {""ticker"": ""KXEPLGAME-25NOV08TOTMUN-MUN"", ""side"": ""no"", ""type"": ""limit"", ""price"": 0.01, ""count"": 2, ""time_in_force"": ""GTC"", ""client_order_id"": ""04341cc1-0274-4e4c-bb29-91f7fc702edc""}}}"
2025-11-08T05:03:01.015684Z,place,KXEPLGAME-25NOV08TOTMUN-TIE,yes,limit,0.01,2,GTC,69a2ab7b-3fe2-4ada-a0e9-c2f0b7dfe750,"{""dry_run"": true, ""echo"": {""path"": ""orders"", ""params"": null, ""body"": {""ticker"": ""KXEPLGAME-25NOV08TOTMUN-TIE"", ""side"": ""yes"", ""type"": ""limit"", ""price"": 0.01, ""count"": 2, ""time_in_force"": ""GTC"", ""client_order_id"": ""69a2ab7b-3fe2-4ada-a0e9-c2f0b7dfe750""}}}"
2025-11-08T05:03:01.015834Z,place,KXEPLGAME-25NOV08TOTMUN-TIE,no,limit,0.01,2,GTC,8509de4e-cfc1-40f2-a696-66c49bc8ddca,"{""dry_run"": true, ""echo"": {""path"": ""orders"", ""params"": null, ""body"": {""ticker"": ""KXEPLGAME-25NOV08TOTMUN-TIE"", ""side"": ""no"", ""type"": ""limit"", ""price"": 0.01, ""count"": 2, ""time_in_force"": ""GTC"", ""client_order_id"": ""8509de4e-cfc1-40f2-a696-66c49bc8ddca""}}}"
2025-11-08T05:03:01.193392Z,place,KXEPLGAME-25NOV08TOTMUN-TOT,yes,limit,0.01,2,GTC,a132f94f-1cc2-4e87-a7c9-19d95ba43d32,"{""dry_run"": true, ""echo"": {""path"": ""orders"", ""params"": null, ""body"": {""ticker"": ""KXEPLGAME-25NOV08TOTMUN-TOT"", ""side"": ""yes"", ""type"": ""limit"", ""price"": 0.01, ""count"": 2, ""time_in_force"": ""GTC"", ""client_order_id"": ""a132f94f-1cc2-4e87-a7c9-19d95ba43d32""}}}"
2025-11-08T05:03:01.193537Z,place,KXEPLGAME-25NOV08TOTMUN-TOT,no,limit,0.01,2,GTC,08bd0a9a-ae12-4a56-8d9e-b778c7a6e95c,"{""dry_run"": true, ""echo"": {""path"": ""orders"", ""params"": null, ""body"": {""ticker"": ""KXEPLGAME-25NOV08TOTMUN-TOT"", ""side"": ""no"", ""type"": ""limit"", ""price"": 0.01, ""count"": 2, ""time_in_force"": ""GTC"", ""client_order_id"": ""08bd0a9a-ae12-4a56-8d9e-b778c7a6e95c""}}}"
2025-11-08T05:03:01.333566Z,place,KXEPLGAME-25NOV08WHUBUR-BUR,yes,limit,0.01,2,GTC,0c7126d0-128f-40c7-b1b2-79ed706f0d0a,"{""dry_run"": true, ""echo"": {""path"": ""orders"", ""params"": null, ""body"": {""ticker"": ""KXEPLGAME-25NOV08WHUBUR-BUR"", ""side"": ""yes"", ""type"": ""limit"", ""price"": 0.01, ""count"": 2, ""time_in_force"": ""GTC"", ""client_order_id"": ""0c7126d0-128f-40c7-b1b2-79ed706f0d0a""}}}"
2025-11-08T05:03:01.333746Z,place,KXEPLGAME-25NOV08WHUBUR-BUR,no,limit,0.01,2,GTC,217f686d-1f06-4bba-b544-52ca4483b4ce,"{""dry_run"": true, ""echo"": {""path"": ""orders"", ""params"": null, ""body"": {""ticker"": ""KXEPLGAME-25NOV08WHUBUR-BUR"", ""side"": ""no"", ""type"": ""limit"", ""price"": 0.01, ""count"": 2, ""time_in_force"": ""GTC"", ""client_order_id"": ""217f686d-1f06-4bba-b544-52ca4483b4ce""}}}"
2025-11-08T05:03:01.470194Z,place,KXEPLGAME-25NOV08WHUBUR-TIE,yes,limit,0.01,2,GTC,a21fd25c-5335-42a5-bf65-6ddda18f3080,"{""dry_run"": true, ""echo"": {""path"": ""orders"", ""params"": null, ""body"": {""ticker"": ""KXEPLGAME-25NOV08WHUBUR-TIE"", ""side"": ""yes"", ""type"": ""limit"", ""price"": 0.01, ""count"": 2, ""time_in_force"": ""GTC"", ""client_order_id"": ""a21fd25c-5335-42a5-bf65-6ddda18f3080""}}}"
2025-11-08T05:03:01.470345Z,place,KXEPLGAME-25NOV08WHUBUR-TIE,no,limit,0.01,2,GTC,f15b3828-99c0-4edd-8f24-694b3b62544e,"{""dry_run"": true, ""echo"": {""path"": ""orders"", ""params"": null, ""body"": {""ticker"": ""KXEPLGAME-25NOV08WHUBUR-TIE"", ""side"": ""no"", ""type"": ""limit"", ""price"": 0.01, ""count"": 2, ""time_in_force"": ""GTC"", ""client_order_id"": ""f15b3828-99c0-4edd-8f24-694b3b62544e""}}}"
2025-11-08T05:03:01.598401Z,place,KXEPLGAME-25NOV08WHUBUR-WHU,yes,limit,0.01,2,GTC,85529d72-a854-4ff2-9841-ab79794972f6,"{""dry_run"": true, ""echo"": {""path"": ""orders"", ""params"": null, ""body"": {""ticker"": ""KXEPLGAME-25NOV08WHUBUR-WHU"", ""side"": ""yes"", ""type"": ""limit"", ""price"": 0.01, ""count"": 2, ""time_in_force"": ""GTC"", ""client_order_id"": ""85529d72-a854-4ff2-9841-ab79794972f6""}}}"
2025-11-08T05:03:01.598534Z,place,KXEPLGAME-25NOV08WHUBUR-WHU,no,limit,0.01,2,GTC,efa545ab-008b-4546-bf2a-0472c0fbf3c6,"{""dry_run"": true, ""echo"": {""path"": ""orders"", ""params"": null, ""body"": {""ticker"": ""KXEPLGAME-25NOV08WHUBUR-WHU"", ""side"": ""no"", ""type"": ""limit"", ""price"": 0.01, ""count"": 2, ""time_in_force"": ""GTC"", ""client_order_id"": ""efa545ab-008b-4546-bf2a-0472c0fbf3c6""}}}"
2025-11-08T05:03:01.750731Z,place,KXEPLGAME-25NOV09AVLBOU-AVL,yes,limit,0.01,2,GTC,b884a6bf-55bf-43f0-ab09-acc754011472,"{""dry_run"": true, ""echo"": {""path"": ""orders"", ""params"": null, ""body"": {""ticker"": ""KXEPLGAME-25NOV09AVLBOU-AVL"", ""side"": ""yes"", ""type"": ""limit"", ""price"": 0.01, ""count"": 2, ""time_in_force"": ""GTC"", ""client_order_id"": ""b884a6bf-55bf-43f0-ab09-acc754011472""}}}"
2025-11-08T05:03:01.750838Z,place,KXEPLGAME-25NOV09AVLBOU-AVL,no,limit,0.01,2,GTC,fddf0c00-9688-4a4c-aa10-e0a37d4229cd,"{""dry_run"": true, ""echo"": {""path"": ""orders"", ""params"": null, ""body"": {""ticker"": ""KXEPLGAME-25NOV09AVLBOU-AVL"", ""side"": ""no"", ""type"": ""limit"", ""price"": 0.01, ""count"": 2, ""time_in_force"": ""GTC"", ""client_order_id"": ""fddf0c00-9688-4a4c-aa10-e0a37d4229cd""}}}"
2025-11-08T05:03:01.874379Z,place,KXEPLGAME-25NOV09AVLBOU-BOU,yes,limit,0.01,2,GTC,e6afcaed-a521-42e8-9a8c-fadebff03a3a,"{""dry_run"": true, ""echo"": {""path"": ""orders"", ""params"": null, ""body"": {""ticker"": ""KXEPLGAME-25NOV09AVLBOU-BOU"", ""side"": ""yes"", ""type"": ""limit"", ""price"": 0.01, ""count"": 2, ""time_in_force"": ""GTC"", ""client_order_id"": ""e6afcaed-a521-42e8-9a8c-fadebff03a3a""}}}"
2025-11-08T05:03:01.874532Z,place,KXEPLGAME-25NOV09AVLBOU-BOU,no,limit,0.01,2,GTC,87418d81-efdc-4465-beb9-7a50c02f0a33,"{""dry_run"": true, ""echo"": {""path"": ""orders"", ""params"": null, ""body"": {""ticker"": ""KXEPLGAME-25NOV09AVLBOU-BOU"", ""side"": ""no"", ""type"": ""limit"", ""price"": 0.01, ""count"": 2, ""time_in_force"": ""GTC"", ""client_order_id"": ""87418d81-efdc-4465-beb9-7a50c02f0a33""}}}"
2025-11-08T05:03:02.013961Z,place,KXEPLGAME-25NOV09AVLBOU-TIE,yes,limit,0.01,2,GTC,fa4e6b7c-cb6b-48ec-8d4e-f5f6c99fc535,"{""dry_run"": true, ""echo"": {""path"": ""orders"", ""params"": null, ""body"": {""ticker"": ""KXEPLGAME-25NOV09AVLBOU-TIE"", ""side"": ""yes"", ""type"": ""limit"", ""price"": 0.01, ""count"": 2, ""time_in_force"": ""GTC"", ""client_order_id"": ""fa4e6b7c-cb6b-48ec-8d4e-f5f6c99fc535""}}}"
2025-11-08T05:03:02.014088Z,place,KXEPLGAME-25NOV09AVLBOU-TIE,no,limit,0.01,2,GTC,a8ae45d3-2576-4a9b-9211-a126b62f08e1,"{""dry_run"": true, ""echo"": {""path"": ""orders"", ""params"": null, ""body"": {""ticker"": ""KXEPLGAME-25NOV09AVLBOU-TIE"", ""side"": ""no"", ""type"": ""limit"", ""price"": 0.01, ""count"": 2, ""time_in_force"": ""GTC"", ""client_order_id"": ""a8ae45d3-2576-4a9b-9211-a126b62f08e1""}}}"
2025-11-08T05:03:02.192256Z,place,KXEPLGAME-25NOV09BRENEW-BRE,yes,limit,0.01,2,GTC,9cad2943-a505-4c55-ad4f-24eec4b99b72,"{""dry_run"": true, ""echo"": {""path"": ""orders"", ""params"": null, ""body"": {""ticker"": ""KXEPLGAME-25NOV09BRENEW-BRE"", ""side"": ""yes"", ""type"": ""limit"", ""price"": 0.01, ""count"": 2, ""time_in_force"": ""GTC"", ""client_order_id"": ""9cad2943-a505-4c55-ad4f-24eec4b99b72""}}}"
2025-11-08T05:03:02.192425Z,place,KXEPLGAME-25NOV09BRENEW-BRE,no,limit,0.01,2,GTC,68768d78-da9b-405e-bbaf-1a090a779311,"{""dry_run"": true, ""echo"": {""path"": ""orders"", ""params"": null, ""body"": {""ticker"": ""KXEPLGAME-25NOV09BRENEW-BRE"", ""side"": ""no"", ""type"": ""limit"", ""price"": 0.01, ""count"": 2, ""time_in_force"": ""GTC"", ""client_order_id"": ""68768d78-da9b-405e-bbaf-1a090a779311""}}}"
2025-11-08T05:03:02.307879Z,place,KXEPLGAME-25NOV09BRENEW-NEW,yes,limit,0.01,2,GTC,fa94c45a-4a9c-4b85-b534-6347adedf7b2,"{""dry_run"": true, ""echo"": {""path"": ""orders"", ""params"": null, ""body"": {""ticker"": ""KXEPLGAME-25NOV09BRENEW-NEW"", ""side"": ""yes"", ""type"": ""limit"", ""price"": 0.01, ""count"": 2, ""time_in_force"": ""GTC"", ""client_order_id"": ""fa94c45a-4a9c-4b85-b534-6347adedf7b2""}}}"
2025-11-08T05:03:02.308041Z,place,KXEPLGAME-25NOV09BRENEW-NEW,no,limit,0.01,2,GTC,bd0ff7dd-25ec-494b-bb8d-f1fe71ca4967,"{""dry_run"": true, ""echo"": {""path"": ""orders"", ""params"": null, ""body"": {""ticker"": ""KXEPLGAME-25NOV09BRENEW-NEW"", ""side"": ""no"", ""type"": ""limit"", ""price"": 0.01, ""count"": 2, ""time_in_force"": ""GTC"", ""client_order_id"": ""bd0ff7dd-25ec-494b-bb8d-f1fe71ca4967""}}}"
2025-11-08T05:03:02.433978Z,place,KXEPLGAME-25NOV09BRENEW-TIE,yes,limit,0.01,2,GTC,07043ac7-bc4e-447f-bd30-1326c5087c29,"{""dry_run"": true, ""echo"": {""path"": ""orders"", ""params"": null, ""body"": {""ticker"": ""KXEPLGAME-25NOV09BRENEW-TIE"", ""side"": ""yes"", ""type"": ""limit"", ""price"": 0.01, ""count"": 2, ""time_in_force"": ""GTC"", ""client_order_id"": ""07043ac7-bc4e-447f-bd30-1326c5087c29""}}}"
2025-11-08T05:03:02.434051Z,place,KXEPLGAME-25NOV09BRENEW-TIE,no,limit,0.01,2,GTC,9722b9be-8be6-48f1-a167-f5abfe6bc2c4,"{""dry_run"": true, ""echo"": {""path"": ""orders"", ""params"": null, ""body"": {""ticker"": ""KXEPLGAME-25NOV09BRENEW-TIE"", ""side"": ""no"", ""type"": ""limit"", ""price"": 0.01, ""count"": 2, ""time_in_force"": ""GTC"", ""client_order_id"": ""9722b9be-8be6-48f1-a167-f5abfe6bc2c4""}}}"
2025-11-08T05:03:02.537016Z,place,KXEPLGAME-25NOV09CRYBRI-BRI,yes,limit,0.01,2,GTC,c388036b-ce13-4549-984e-c02c497ef8d0,"{""dry_run"": true, ""echo"": {""path"": ""orders"", ""params"": null, ""body"": {""ticker"": ""KXEPLGAME-25NOV09CRYBRI-BRI"", ""side"": ""yes"", ""type"": ""limit"", ""price"": 0.01, ""count"": 2, ""time_in_force"": ""GTC"", ""client_order_id"": ""c388036b-ce13-4549-984e-c02c497ef8d0""}}}"
2025-11-08T05:03:02.537078Z,place,KXEPLGAME-25NOV09CRYBRI-BRI,no,limit,0.01,2,GTC,f5f66086-c14f-46d2-969e-811eca2901cd,"{""dry_run"": true, ""echo"": {""path"": ""orders"", ""params"": null, ""body"": {""ticker"": ""KXEPLGAME-25NOV09CRYBRI-BRI"", ""side"": ""no"", ""type"": ""limit"", ""price"": 0.01, ""count"": 2, ""time_in_force"": ""GTC"", ""client_order_id"": ""f5f66086-c14f-46d2-969e-811eca2901cd""}}}"
2025-11-08T05:03:02.668307Z,place,KXEPLGAME-25NOV09CRYBRI-CRY,yes,limit,0.01,2,GTC,bf5b24ce-704d-41e9-bbe9-e5ddca547a4b,"{""dry_run"": true, ""echo"": {""path"": ""orders"", ""params"": null, ""body"": {""ticker"": ""KXEPLGAME-25NOV09CRYBRI-CRY"", ""side"": ""yes"", ""type"": ""limit"", ""price"": 0.01, ""count"": 2, ""time_in_force"": ""GTC"", ""client_order_id"": ""bf5b24ce-704d-41e9-bbe9-e5ddca547a4b""}}}"
2025-11-08T05:03:02.668496Z,place,KXEPLGAME-25NOV09CRYBRI-CRY,no,limit,0.01,2,GTC,d3a119c9-9b69-49c1-8c0d-8942df1db8e9,"{""dry_run"": true, ""echo"": {""path"": ""orders"", ""params"": null, ""body"": {""ticker"": ""KXEPLGAME-25NOV09CRYBRI-CRY"", ""side"": ""no"", ""type"": ""limit"", ""price"": 0.01, ""count"": 2, ""time_in_force"": ""GTC"", ""client_order_id"": ""d3a119c9-9b69-49c1-8c0d-8942df1db8e9""}}}"
2025-11-08T05:03:02.821936Z,place,KXEPLGAME-25NOV09CRYBRI-TIE,yes,limit,0.01,2,GTC,dce367a5-0ae1-4c24-a697-b426b272d273,"{""dry_run"": true, ""echo"": {""path"": ""orders"", ""params"": null, ""body"": {""ticker"": ""KXEPLGAME-25NOV09CRYBRI-TIE"", ""side"": ""yes"", ""type"": ""limit"", ""price"": 0.01, ""count"": 2, ""time_in_force"": ""GTC"", ""client_order_id"": ""dce367a5-0ae1-4c24-a697-b426b272d273""}}}"
2025-11-08T05:03:02.822074Z,place,KXEPLGAME-25NOV09CRYBRI-TIE,no,limit,0.01,2,GTC,b1ff976a-0770-434b-9d90-0807055fe4f2,"{""dry_run"": true, ""echo"": {""path"": ""orders"", ""params"": null, ""body"": {""ticker"": ""KXEPLGAME-25NOV09CRYBRI-TIE"", ""side"": ""no"", ""type"": ""limit"", ""price"": 0.01, ""count"": 2, ""time_in_force"": ""GTC"", ""client_order_id"": ""b1ff976a-0770-434b-9d90-0807055fe4f2""}}}"
2025-11-08T05:03:02.935071Z,place,KXEPLGAME-25NOV09MCILFC-LFC,yes,limit,0.01,2,GTC,9d82c713-76f0-4d04-941b-4a4c3245ae89,"{""dry_run"": true, ""echo"": {""path"": ""orders"", ""params"": null, ""body"": {""ticker"": ""KXEPLGAME-25NOV09MCILFC-LFC"", ""side"": ""yes"", ""type"": ""limit"", ""price"": 0.01, ""count"": 2, ""time_in_force"": ""GTC"", ""client_order_id"": ""9d82c713-76f0-4d04-941b-4a4c3245ae89""}}}"
2025-11-08T05:03:02.935139Z,place,KXEPLGAME-25NOV09MCILFC-LFC,no,limit,0.01,2,GTC,2a79aad4-44e6-4e2f-bb19-04a5c6154e0b,"{""dry_run"": true, ""echo"": {""path"": ""orders"", ""params"": null, ""body"": {""ticker"": ""KXEPLGAME-25NOV09MCILFC-LFC"", ""side"": ""no"", ""type"": ""limit"", ""price"": 0.01, ""count"": 2, ""time_in_force"": ""GTC"", ""client_order_id"": ""2a79aad4-44e6-4e2f-bb19-04a5c6154e0b""}}}"
2025-11-08T05:03:03.052270Z,place,KXEPLGAME-25NOV09MCILFC-MCI,yes,limit,0.01,2,GTC,9310c062-6729-4ec5-a085-b8dca075ab84,"{""dry_run"": true, ""echo"": {""path"": ""orders"", ""params"": null, ""body"": {""ticker"": ""KXEPLGAME-25NOV09MCILFC-MCI"", ""side"": ""yes"", ""type"": ""limit"", ""price"": 0.01, ""count"": 2, ""time_in_force"": ""GTC"", ""client_order_id"": ""9310c062-6729-4ec5-a085-b8dca075ab84""}}}"
2025-11-08T05:03:03.052342Z,place,KXEPLGAME-25NOV09MCILFC-MCI,no,limit,0.01,2,GTC,6b15f8dd-2c64-4c64-8a11-95b4200c1e72,"{""dry_run"": true, ""echo"": {""path"": ""orders"", ""params"": null, ""body"": {""ticker"": ""KXEPLGAME-25NOV09MCILFC-MCI"", ""side"": ""no"", ""type"": ""limit"", ""price"": 0.01, ""count"": 2, ""time_in_force"": ""GTC"", ""client_order_id"": ""6b15f8dd-2c64-4c64-8a11-95b4200c1e72""}}}"
2025-11-08T05:03:03.163211Z,place,KXEPLGAME-25NOV09MCILFC-TIE,yes,limit,0.01,2,GTC,eff24a7b-570b-464c-a042-8c4ad86f3c00,"{""dry_run"": true, ""echo"": {""path"": ""orders"", ""params"": null, ""body"": {""ticker"": ""KXEPLGAME-25NOV09MCILFC-TIE"", ""side"": ""yes"", ""type"": ""limit"", ""price"": 0.01, ""count"": 2, ""time_in_force"": ""GTC"", ""client_order_id"": ""eff24a7b-570b-464c-a042-8c4ad86f3c00""}}}"
2025-11-08T05:03:03.163396Z,place,KXEPLGAME-25NOV09MCILFC-TIE,no,limit,0.01,2,GTC,e1db81dc-da39-4547-8257-934a1cbbcbfb,"{""dry_run"": true, ""echo"": {""path"": ""orders"", ""params"": null, ""body"": {""ticker"": ""KXEPLGAME-25NOV09MCILFC-TIE"", ""side"": ""no"", ""type"": ""limit"", ""price"": 0.01, ""count"": 2, ""time_in_force"": ""GTC"", ""client_order_id"": ""e1db81dc-da39-4547-8257-934a1cbbcbfb""}}}"
2025-11-08T05:03:03.301123Z,place,KXEPLGAME-25NOV09NFOLEE-LEE,yes,limit,0.01,2,GTC,e06246c9-d643-4573-8e2e-bf0bce990b7d,"{""dry_run"": true, ""echo"": {""path"": ""orders"", ""params"": null, ""body"": {""ticker"": ""KXEPLGAME-25NOV09NFOLEE-LEE"", ""side"": ""yes"", ""type"": ""limit"", ""price"": 0.01, ""count"": 2, ""time_in_force"": ""GTC"", ""client_order_id"": ""e06246c9-d643-4573-8e2e-bf0bce990b7d""}}}"
2025-11-08T05:03:03.301291Z,place,KXEPLGAME-25NOV09NFOLEE-LEE,no,limit,0.01,2,GTC,407db692-86ac-4368-8d40-f204a555a042,"{""dry_run"": true, ""echo"": {""path"": ""orders"", ""params"": null, ""body"": {""ticker"": ""KXEPLGAME-25NOV09NFOLEE-LEE"", ""side"": ""no"", ""type"": ""limit"", ""price"": 0.01, ""count"": 2, ""time_in_force"": ""GTC"", ""client_order_id"": ""407db692-86ac-4368-8d40-f204a555a042""}}}"
2025-11-08T05:03:03.505583Z,place,KXEPLGAME-25NOV09NFOLEE-NFO,yes,limit,0.01,2,GTC,466f1dd6-178a-4286-8621-a370b0c61d4e,"{""dry_run"": true, ""echo"": {""path"": ""orders"", ""params"": null, ""body"": {""ticker"": ""KXEPLGAME-25NOV09NFOLEE-NFO"", ""side"": ""yes"", ""type"": ""limit"", ""price"": 0.01, ""count"": 2, ""time_in_force"": ""GTC"", ""client_order_id"": ""466f1dd6-178a-4286-8621-a370b0c61d4e""}}}"
2025-11-08T05:03:03.505775Z,place,KXEPLGAME-25NOV09NFOLEE-NFO,no,limit,0.01,2,GTC,a06c25fb-af6c-43f8-8318-789f622ee5aa,"{""dry_run"": true, ""echo"": {""path"": ""orders"", ""params"": null, ""body"": {""ticker"": ""KXEPLGAME-25NOV09NFOLEE-NFO"", ""side"": ""no"", ""type"": ""limit"", ""price"": 0.01, ""count"": 2, ""time_in_force"": ""GTC"", ""client_order_id"": ""a06c25fb-af6c-43f8-8318-789f622ee5aa""}}}"
2025-11-08T05:03:03.712263Z,place,KXEPLGAME-25NOV09NFOLEE-TIE,yes,limit,0.01,2,GTC,10969277-993f-41ae-8bc4-d712161d12b2,"{""dry_run"": true, ""echo"": {""path"": ""orders"", ""params"": null, ""body"": {""ticker"": ""KXEPLGAME-25NOV09NFOLEE-TIE"", ""side"": ""yes"", ""type"": ""limit"", ""price"": 0.01, ""count"": 2, ""time_in_force"": ""GTC"", ""client_order_id"": ""10969277-993f-41ae-8bc4-d712161d12b2""}}}"
2025-11-08T05:03:03.712428Z,place,KXEPLGAME-25NOV09NFOLEE-TIE,no,limit,0.01,2,GTC,65e1dbb6-a445-4d6f-a1a6-306e357aefa0,"{""dry_run"": true, ""echo"": {""path"": ""orders"", ""params"": null, ""body"": {""ticker"": ""KXEPLGAME-25NOV09NFOLEE-TIE"", ""side"": ""no"", ""type"": ""limit"", ""price"": 0.01, ""count"": 2, ""time_in_force"": ""GTC"", ""client_order_id"": ""65e1dbb6-a445-4d6f-a1a6-306e357aefa0""}}}"
2025-11-08T05:03:03.838097Z,place,KXEPLGAME-25NOV22BOUWHU-BOU,yes,limit,0.01,2,GTC,bc38c6da-b5e3-4ac9-a28e-d04c9ca2c480,"{""dry_run"": true, ""echo"": {""path"": ""orders"", ""params"": null, ""body"": {""ticker"": ""KXEPLGAME-25NOV22BOUWHU-BOU"", ""side"": ""yes"", ""type"": ""limit"", ""price"": 0.01, ""count"": 2, ""time_in_force"": ""GTC"", ""client_order_id"": ""bc38c6da-b5e3-4ac9-a28e-d04c9ca2c480""}}}"
2025-11-08T05:03:03.838347Z,place,KXEPLGAME-25NOV22BOUWHU-BOU,no,limit,0.01,2,GTC,5e1c7d49-ae02-418f-9471-6a2c0066cbb5,"{""dry_run"": true, ""echo"": {""path"": ""orders"", ""params"": null, ""body"": {""ticker"": ""KXEPLGAME-25NOV22BOUWHU-BOU"", ""side"": ""no"", ""type"": ""limit"", ""price"": 0.01, ""count"": 2, ""time_in_force"": ""GTC"", ""client_order_id"": ""5e1c7d49-ae02-418f-9471-6a2c0066cbb5""}}}"
2025-11-08T05:03:03.981769Z,place,KXEPLGAME-25NOV22BOUWHU-TIE,yes,limit,0.01,2,GTC,263307be-4a41-491c-bd9f-b17b5c0be274,"{""dry_run"": true, ""echo"": {""path"": ""orders"", ""params"": null, ""body"": {""ticker"": ""KXEPLGAME-25NOV22BOUWHU-TIE"", ""side"": ""yes"", ""type"": ""limit"", ""price"": 0.01, ""count"": 2, ""time_in_force"": ""GTC"", ""client_order_id"": ""263307be-4a41-491c-bd9f-b17b5c0be274""}}}"
2025-11-08T05:03:03.981982Z,place,KXEPLGAME-25NOV22BOUWHU-TIE,no,limit,0.01,2,GTC,7677d68d-1b42-48b9-9a8d-7808d0c8adce,"{""dry_run"": true, ""echo"": {""path"": ""orders"", ""params"": null, ""body"": {""ticker"": ""KXEPLGAME-25NOV22BOUWHU-TIE"", ""side"": ""no"", ""type"": ""limit"", ""price"": 0.01, ""count"": 2, ""time_in_force"": ""GTC"", ""client_order_id"": ""7677d68d-1b42-48b9-9a8d-7808d0c8adce""}}}"
2025-11-08T05:03:04.103415Z,place,KXEPLGAME-25NOV22BOUWHU-WHU,yes,limit,0.01,2,GTC,56c4a192-4cc7-4438-ac67-bff0fd518c5d,"{""dry_run"": true, ""echo"": {""path"": ""orders"", ""params"": null, ""body"": {""ticker"": ""KXEPLGAME-25NOV22BOUWHU-WHU"", ""side"": ""yes"", ""type"": ""limit"", ""price"": 0.01, ""count"": 2, ""time_in_force"": ""GTC"", ""client_order_id"": ""56c4a192-4cc7-4438-ac67-bff0fd518c5d""}}}"
2025-11-08T05:03:04.103632Z,place,KXEPLGAME-25NOV22BOUWHU-WHU,no,limit,0.01,2,GTC,5a48daa7-ca54-45a1-a14e-c929864c2915,"{""dry_run"": true, ""echo"": {""path"": ""orders"", ""params"": null, ""body"": {""ticker"": ""KXEPLGAME-25NOV22BOUWHU-WHU"", ""side"": ""no"", ""type"": ""limit"", ""price"": 0.01, ""count"": 2, ""time_in_force"": ""GTC"", ""client_order_id"": ""5a48daa7-ca54-45a1-a14e-c929864c2915""}}}"
2025-11-08T05:03:04.224790Z,place,KXEPLGAME-25NOV22BRIBRE-BRE,yes,limit,0.01,2,GTC,780bb31c-69b2-4f75-a981-5cb353083533,"{""dry_run"": true, ""echo"": {""path"": ""orders"", ""params"": null, ""body"": {""ticker"": ""KXEPLGAME-25NOV22BRIBRE-BRE"", ""side"": ""yes"", ""type"": ""limit"", ""price"": 0.01, ""count"": 2, ""time_in_force"": ""GTC"", ""client_order_id"": ""780bb31c-69b2-4f75-a981-5cb353083533""}}}"
2025-11-08T05:03:04.224998Z,place,KXEPLGAME-25NOV22BRIBRE-BRE,no,limit,0.01,2,GTC,35c839f4-1a02-4888-bafa-8a7cc84fb712,"{""dry_run"": true, ""echo"": {""path"": ""orders"", ""params"": null, ""body"": {""ticker"": ""KXEPLGAME-25NOV22BRIBRE-BRE"", ""side"": ""no"", ""type"": ""limit"", ""price"": 0.01, ""count"": 2, ""time_in_force"": ""GTC"", ""client_order_id"": ""35c839f4-1a02-4888-bafa-8a7cc84fb712""}}}"
2025-11-08T05:03:04.340495Z,place,KXEPLGAME-25NOV22BRIBRE-BRI,yes,limit,0.01,2,GTC,bc124a25-1887-490f-b52e-a4f6aa839e39,"{""dry_run"": true, ""echo"": {""path"": ""orders"", ""params"": null, ""body"": {""ticker"": ""KXEPLGAME-25NOV22BRIBRE-BRI"", ""side"": ""yes"", ""type"": ""limit"", ""price"": 0.01, ""count"": 2, ""time_in_force"": ""GTC"", ""client_order_id"": ""bc124a25-1887-490f-b52e-a4f6aa839e39""}}}"
2025-11-08T05:03:04.340713Z,place,KXEPLGAME-25NOV22BRIBRE-BRI,no,limit,0.01,2,GTC,29002d10-4433-41d9-ab6c-302201c73cbc,"{""dry_run"": true, ""echo"": {""path"": ""orders"", ""params"": null, ""body"": {""ticker"": ""KXEPLGAME-25NOV22BRIBRE-BRI"", ""side"": ""no"", ""type"": ""limit"", ""price"": 0.01, ""count"": 2, ""time_in_force"": ""GTC"", ""client_order_id"": ""29002d10-4433-41d9-ab6c-302201c73cbc""}}}"
2025-11-08T05:03:04.479294Z,place,KXEPLGAME-25NOV22BRIBRE-TIE,yes,limit,0.01,2,GTC,9376e1cd-5c1d-4189-8297-e42c096e627f,"{""dry_run"": true, ""echo"": {""path"": ""orders"", ""params"": null, ""body"": {""ticker"": ""KXEPLGAME-25NOV22BRIBRE-TIE"", ""side"": ""yes"", ""type"": ""limit"", ""price"": 0.01, ""count"": 2, ""time_in_force"": ""GTC"", ""client_order_id"": ""9376e1cd-5c1d-4189-8297-e42c096e627f""}}}"
2025-11-08T05:03:04.479518Z,place,KXEPLGAME-25NOV22BRIBRE-TIE,no,limit,0.01,2,GTC,76b3cbb0-1123-4439-a09d-3bb04dda1af9,"{""dry_run"": true, ""echo"": {""path"": ""orders"", ""params"": null, ""body"": {""ticker"": ""KXEPLGAME-25NOV22BRIBRE-TIE"", ""side"": ""no"", ""type"": ""limit"", ""price"": 0.01, ""count"": 2, ""time_in_force"": ""GTC"", ""client_order_id"": ""76b3cbb0-1123-4439-a09d-3bb04dda1af9""}}}"
2025-11-08T05:03:04.607182Z,place,KXEPLGAME-25NOV22BURCFC-BUR,yes,limit,0.01,2,GTC,3a61a94c-ff76-47b5-b7d2-e9375049e162,"{""dry_run"": true, ""echo"": {""path"": ""orders"", ""params"": null, ""body"": {""ticker"": ""KXEPLGAME-25NOV22BURCFC-BUR"", ""side"": ""yes"", ""type"": ""limit"", ""price"": 0.01, ""count"": 2, ""time_in_force"": ""GTC"", ""client_order_id"": ""3a61a94c-ff76-47b5-b7d2-e9375049e162""}}}"
2025-11-08T05:03:04.607392Z,place,KXEPLGAME-25NOV22BURCFC-BUR,no,limit,0.01,2,GTC,c55da4a2-1024-4b30-a34b-f19af0149488,"{""dry_run"": true, ""echo"": {""path"": ""orders"", ""params"": null, ""body"": {""ticker"": ""KXEPLGAME-25NOV22BURCFC-BUR"", ""side"": ""no"", ""type"": ""limit"", ""price"": 0.01, ""count"": 2, ""time_in_force"": ""GTC"", ""client_order_id"": ""c55da4a2-1024-4b30-a34b-f19af0149488""}}}"
2025-11-08T05:03:04.779465Z,place,KXEPLGAME-25NOV22BURCFC-CFC,yes,limit,0.01,2,GTC,e716e690-6589-4381-af29-8c01920cd605,"{""dry_run"": true, ""echo"": {""path"": ""orders"", ""params"": null, ""body"": {""ticker"": ""KXEPLGAME-25NOV22BURCFC-CFC"", ""side"": ""yes"", ""type"": ""limit"", ""price"": 0.01, ""count"": 2, ""time_in_force"": ""GTC"", ""client_order_id"": ""e716e690-6589-4381-af29-8c01920cd605""}}}"
2025-11-08T05:03:04.779689Z,place,KXEPLGAME-25NOV22BURCFC-CFC,no,limit,0.01,2,GTC,2306eb7b-7a05-4063-994f-cd9270ab7ef6,"{""dry_run"": true, ""echo"": {""path"": ""orders"", ""params"": null, ""body"": {""ticker"": ""KXEPLGAME-25NOV22BURCFC-CFC"", ""side"": ""no"", ""type"": ""limit"", ""price"": 0.01, ""count"": 2, ""time_in_force"": ""GTC"", ""client_order_id"": ""2306eb7b-7a05-4063-994f-cd9270ab7ef6""}}}"
2025-11-08T05:03:04.906077Z,place,KXEPLGAME-25NOV22BURCFC-TIE,yes,limit,0.01,2,GTC,a6f943e4-8c2b-4fb2-8fdb-273d933466f8,"{""dry_run"": true, ""echo"": {""path"": ""orders"", ""params"": null, ""body"": {""ticker"": ""KXEPLGAME-25NOV22BURCFC-TIE"", ""side"": ""yes"", ""type"": ""limit"", ""price"": 0.01, ""count"": 2, ""time_in_force"": ""GTC"", ""client_order_id"": ""a6f943e4-8c2b-4fb2-8fdb-273d933466f8""}}}"
2025-11-08T05:03:04.906303Z,place,KXEPLGAME-25NOV22BURCFC-TIE,no,limit,0.01,2,GTC,8530b520-9efd-4eea-98d0-5824f59c1c53,"{""dry_run"": true, ""echo"": {""path"": ""orders"", ""params"": null, ""body"": {""ticker"": ""KXEPLGAME-25NOV22BURCFC-TIE"", ""side"": ""no"", ""type"": ""limit"", ""price"": 0.01, ""count"": 2, ""time_in_force"": ""GTC"", ""client_order_id"": ""8530b520-9efd-4eea-98d0-5824f59c1c53""}}}"
2025-11-08T05:03:05.038148Z,place,KXEPLGAME-25NOV22FULSUN-FUL,yes,limit,0.01,2,GTC,220e88aa-9f7b-43aa-8606-89052c434089,"{""dry_run"": true, ""echo"": {""path"": ""orders"", ""params"": null, ""body"": {""ticker"": ""KXEPLGAME-25NOV22FULSUN-FUL"", ""side"": ""yes"", ""type"": ""limit"", ""price"": 0.01, ""count"": 2, ""time_in_force"": ""GTC"", ""client_order_id"": ""220e88aa-9f7b-43aa-8606-89052c434089""}}}"
2025-11-08T05:03:05.038419Z,place,KXEPLGAME-25NOV22FULSUN-FUL,no,limit,0.01,2,GTC,88e8f871-80de-4f06-a869-27df853d6f69,"{""dry_run"": true, ""echo"": {""path"": ""orders"", ""params"": null, ""body"": {""ticker"": ""KXEPLGAME-25NOV22FULSUN-FUL"", ""side"": ""no"", ""type"": ""limit"", ""price"": 0.01, ""count"": 2, ""time_in_force"": ""GTC"", ""client_order_id"": ""88e8f871-80de-4f06-a869-27df853d6f69""}}}"
2025-11-08T05:03:05.196370Z,place,KXEPLGAME-25NOV22FULSUN-SUN,yes,limit,0.01,2,GTC,6e7466d6-4d62-419f-b343-d62f5a54aa52,"{""dry_run"": true, ""echo"": {""path"": ""orders"", ""params"": null, ""body"": {""ticker"": ""KXEPLGAME-25NOV22FULSUN-SUN"", ""side"": ""yes"", ""type"": ""limit"", ""price"": 0.01, ""count"": 2, ""time_in_force"": ""GTC"", ""client_order_id"": ""6e7466d6-4d62-419f-b343-d62f5a54aa52""}}}"
2025-11-08T05:03:05.196564Z,place,KXEPLGAME-25NOV22FULSUN-SUN,no,limit,0.01,2,GTC,35fad95d-5654-4310-bc90-4d10fc0dacab,"{""dry_run"": true, ""echo"": {""path"": ""orders"", ""params"": null, ""body"": {""ticker"": ""KXEPLGAME-25NOV22FULSUN-SUN"", ""side"": ""no"", ""type"": ""limit"", ""price"": 0.01, ""count"": 2, ""time_in_force"": ""GTC"", ""client_order_id"": ""35fad95d-5654-4310-bc90-4d10fc0dacab""}}}"
2025-11-08T05:03:05.345279Z,place,KXEPLGAME-25NOV22FULSUN-TIE,yes,limit,0.01,2,GTC,5a2dfdb4-cbe2-4db6-9851-c444bced210d,"{""dry_run"": true, ""echo"": {""path"": ""orders"", ""params"": null, ""body"": {""ticker"": ""KXEPLGAME-25NOV22FULSUN-TIE"", ""side"": ""yes"", ""type"": ""limit"", ""price"": 0.01, ""count"": 2, ""time_in_force"": ""GTC"", ""client_order_id"": ""5a2dfdb4-cbe2-4db6-9851-c444bced210d""}}}"
2025-11-08T05:03:05.345473Z,place,KXEPLGAME-25NOV22FULSUN-TIE,no,limit,0.01,2,GTC,ad921058-6e7a-4f4d-93da-f1b4c8411c1a,"{""dry_run"": true, ""echo"": {""path"": ""orders"", ""params"": null, ""body"": {""ticker"": ""KXEPLGAME-25NOV22FULSUN-TIE"", ""side"": ""no"", ""type"": ""limit"", ""price"": 0.01, ""count"": 2, ""time_in_force"": ""GTC"", ""client_order_id"": ""ad921058-6e7a-4f4d-93da-f1b4c8411c1a""}}}"
2025-11-08T05:03:05.454737Z,place,KXEPLGAME-25NOV22LFCNFO-LFC,yes,limit,0.01,2,GTC,1fe97f73-5a57-41b4-b873-bc267fa920e0,"{""dry_run"": true, ""echo"": {""path"": ""orders"", ""params"": null, ""body"": {""ticker"": ""KXEPLGAME-25NOV22LFCNFO-LFC"", ""side"": ""yes"", ""type"": ""limit"", ""price"": 0.01, ""count"": 2, ""time_in_force"": ""GTC"", ""client_order_id"": ""1fe97f73-5a57-41b4-b873-bc267fa920e0""}}}"
2025-11-08T05:03:05.454884Z,place,KXEPLGAME-25NOV22LFCNFO-LFC,no,limit,0.01,2,GTC,e9e9593f-9bc9-4aff-9e43-818924df8a28,"{""dry_run"": true, ""echo"": {""path"": ""orders"", ""params"": null, ""body"": {""ticker"": ""KXEPLGAME-25NOV22LFCNFO-LFC"", ""side"": ""no"", ""type"": ""limit"", ""price"": 0.01, ""count"": 2, ""time_in_force"": ""GTC"", ""client_order_id"": ""e9e9593f-9bc9-4aff-9e43-818924df8a28""}}}"
2025-11-08T05:03:05.570498Z,place,KXEPLGAME-25NOV22LFCNFO-NFO,yes,limit,0.01,2,GTC,2e37af23-a4d6-42fa-950f-ed229f790116,"{""dry_run"": true, ""echo"": {""path"": ""orders"", ""params"": null, ""body"": {""ticker"": ""KXEPLGAME-25NOV22LFCNFO-NFO"", ""side"": ""yes"", ""type"": ""limit"", ""price"": 0.01, ""count"": 2, ""time_in_force"": ""GTC"", ""client_order_id"": ""2e37af23-a4d6-42fa-950f-ed229f790116""}}}"
2025-11-08T05:03:05.570579Z,place,KXEPLGAME-25NOV22LFCNFO-NFO,no,limit,0.01,2,GTC,3d1dba25-4a1a-46eb-bc6d-f341332bf63a,"{""dry_run"": true, ""echo"": {""path"": ""orders"", ""params"": null, ""body"": {""ticker"": ""KXEPLGAME-25NOV22LFCNFO-NFO"", ""side"": ""no"", ""type"": ""limit"", ""price"": 0.01, ""count"": 2, ""time_in_force"": ""GTC"", ""client_order_id"": ""3d1dba25-4a1a-46eb-bc6d-f341332bf63a""}}}"
2025-11-08T05:03:05.709539Z,place,KXEPLGAME-25NOV22LFCNFO-TIE,yes,limit,0.01,2,GTC,70859719-5661-4d04-b372-4ff6fa1f8930,"{""dry_run"": true, ""echo"": {""path"": ""orders"", ""params"": null, ""body"": {""ticker"": ""KXEPLGAME-25NOV22LFCNFO-TIE"", ""side"": ""yes"", ""type"": ""limit"", ""price"": 0.01, ""count"": 2, ""time_in_force"": ""GTC"", ""client_order_id"": ""70859719-5661-4d04-b372-4ff6fa1f8930""}}}"
2025-11-08T05:03:05.709793Z,place,KXEPLGAME-25NOV22LFCNFO-TIE,no,limit,0.01,2,GTC,7f878e6d-0d19-4dde-8ded-079b194222e9,"{""dry_run"": true, ""echo"": {""path"": ""orders"", ""params"": null, ""body"": {""ticker"": ""KXEPLGAME-25NOV22LFCNFO-TIE"", ""side"": ""no"", ""type"": ""limit"", ""price"": 0.01, ""count"": 2, ""time_in_force"": ""GTC"", ""client_order_id"": ""7f878e6d-0d19-4dde-8ded-079b194222e9""}}}"
2025-11-08T05:03:05.831828Z,place,KXEPLGAME-25NOV22NEWMCI-MCI,yes,limit,0.01,2,GTC,a1b4d84f-94fe-461f-be62-e6ce12e8eab2,"{""dry_run"": true, ""echo"": {""path"": ""orders"", ""params"": null, ""body"": {""ticker"": ""KXEPLGAME-25NOV22NEWMCI-MCI"", ""side"": ""yes"", ""type"": ""limit"", ""price"": 0.01, ""count"": 2, ""time_in_force"": ""GTC"", ""client_order_id"": ""a1b4d84f-94fe-461f-be62-e6ce12e8eab2""}}}"
2025-11-08T05:03:05.831912Z,place,KXEPLGAME-25NOV22NEWMCI-MCI,no,limit,0.01,2,GTC,3b32705c-e06f-4c39-92ee-d11be15af121,"{""dry_run"": true, ""echo"": {""path"": ""orders"", ""params"": null, ""body"": {""ticker"": ""KXEPLGAME-25NOV22NEWMCI-MCI"", ""side"": ""no"", ""type"": ""limit"", ""price"": 0.01, ""count"": 2, ""time_in_force"": ""GTC"", ""client_order_id"": ""3b32705c-e06f-4c39-92ee-d11be15af121""}}}"
2025-11-08T05:03:05.940341Z,place,KXEPLGAME-25NOV22NEWMCI-NEW,yes,limit,0.01,2,GTC,c25a78e5-d940-4f36-a130-145cb44cf5a1,"{""dry_run"": true, ""echo"": {""path"": ""orders"", ""params"": null, ""body"": {""ticker"": ""KXEPLGAME-25NOV22NEWMCI-NEW"", ""side"": ""yes"", ""type"": ""limit"", ""price"": 0.01, ""count"": 2, ""time_in_force"": ""GTC"", ""client_order_id"": ""c25a78e5-d940-4f36-a130-145cb44cf5a1""}}}"
2025-11-08T05:03:05.940433Z,place,KXEPLGAME-25NOV22NEWMCI-NEW,no,limit,0.01,2,GTC,d716338c-bba5-4dc0-8994-bb09d9a7e90f,"{""dry_run"": true, ""echo"": {""path"": ""orders"", ""params"": null, ""body"": {""ticker"": ""KXEPLGAME-25NOV22NEWMCI-NEW"", ""side"": ""no"", ""type"": ""limit"", ""price"": 0.01, ""count"": 2, ""time_in_force"": ""GTC"", ""client_order_id"": ""d716338c-bba5-4dc0-8994-bb09d9a7e90f""}}}"
2025-11-08T05:03:06.055253Z,place,KXEPLGAME-25NOV22NEWMCI-TIE,yes,limit,0.01,2,GTC,d850b094-03f7-42fa-b07a-c1ac53b6de87,"{""dry_run"": true, ""echo"": {""path"": ""orders"", ""params"": null, ""body"": {""ticker"": ""KXEPLGAME-25NOV22NEWMCI-TIE"", ""side"": ""yes"", ""type"": ""limit"", ""price"": 0.01, ""count"": 2, ""time_in_force"": ""GTC"", ""client_order_id"": ""d850b094-03f7-42fa-b07a-c1ac53b6de87""}}}"
2025-11-08T05:03:06.055340Z,place,KXEPLGAME-25NOV22NEWMCI-TIE,no,limit,0.01,2,GTC,5f9b5519-ecdb-407f-9c00-d3d2ac28693a,"{""dry_run"": true, ""echo"": {""path"": ""orders"", ""params"": null, ""body"": {""ticker"": ""KXEPLGAME-25NOV22NEWMCI-TIE"", ""side"": ""no"", ""type"": ""limit"", ""price"": 0.01, ""count"": 2, ""time_in_force"": ""GTC"", ""client_order_id"": ""5f9b5519-ecdb-407f-9c00-d3d2ac28693a""}}}"
2025-11-08T05:03:06.167757Z,place,KXEPLGAME-25NOV22WOLCRY-CRY,yes,limit,0.01,2,GTC,e98f97fd-8d40-4f10-b60b-2186f35fb960,"{""dry_run"": true, ""echo"": {""path"": ""orders"", ""params"": null, ""body"": {""ticker"": ""KXEPLGAME-25NOV22WOLCRY-CRY"", ""side"": ""yes"", ""type"": ""limit"", ""price"": 0.01, ""count"": 2, ""time_in_force"": ""GTC"", ""client_order_id"": ""e98f97fd-8d40-4f10-b60b-2186f35fb960""}}}"
2025-11-08T05:03:06.167829Z,place,KXEPLGAME-25NOV22WOLCRY-CRY,no,limit,0.01,2,GTC,e5ec0b6f-9cae-4bcc-acf5-1a79f34261aa,"{""dry_run"": true, ""echo"": {""path"": ""orders"", ""params"": null, ""body"": {""ticker"": ""KXEPLGAME-25NOV22WOLCRY-CRY"", ""side"": ""no"", ""type"": ""limit"", ""price"": 0.01, ""count"": 2, ""time_in_force"": ""GTC"", ""client_order_id"": ""e5ec0b6f-9cae-4bcc-acf5-1a79f34261aa""}}}"
2025-11-08T05:03:06.275720Z,place,KXEPLGAME-25NOV22WOLCRY-TIE,yes,limit,0.01,2,GTC,b257960b-20e5-4a9f-b9da-4d3e5937659a,"{""dry_run"": true, ""echo"": {""path"": ""orders"", ""params"": null, ""body"": {""ticker"": ""KXEPLGAME-25NOV22WOLCRY-TIE"", ""side"": ""yes"", ""type"": ""limit"", ""price"": 0.01, ""count"": 2, ""time_in_force"": ""GTC"", ""client_order_id"": ""b257960b-20e5-4a9f-b9da-4d3e5937659a""}}}"
2025-11-08T05:03:06.275890Z,place,KXEPLGAME-25NOV22WOLCRY-TIE,no,limit,0.01,2,GTC,e89decfc-03ed-4d51-8f56-bbcc7fadaae2,"{""dry_run"": true, ""echo"": {""path"": ""orders"", ""params"": null, ""body"": {""ticker"": ""KXEPLGAME-25NOV22WOLCRY-TIE"", ""side"": ""no"", ""type"": ""limit"", ""price"": 0.01, ""count"": 2, ""time_in_force"": ""GTC"", ""client_order_id"": ""e89decfc-03ed-4d51-8f56-bbcc7fadaae2""}}}"
2025-11-08T05:03:06.391351Z,place,KXEPLGAME-25NOV22WOLCRY-WOL,yes,limit,0.01,2,GTC,397174ab-36fb-46a3-ae9a-5c383eda9696,"{""dry_run"": true, ""echo"": {""path"": ""orders"", ""params"": null, ""body"": {""ticker"": ""KXEPLGAME-25NOV22WOLCRY-WOL"", ""side"": ""yes"", ""type"": ""limit"", ""price"": 0.01, ""count"": 2, ""time_in_force"": ""GTC"", ""client_order_id"": ""397174ab-36fb-46a3-ae9a-5c383eda9696""}}}"
2025-11-08T05:03:06.391516Z,place,KXEPLGAME-25NOV22WOLCRY-WOL,no,limit,0.01,2,GTC,6dd389d8-bbd2-4d77-a15d-4b7f1b223804,"{""dry_run"": true, ""echo"": {""path"": ""orders"", ""params"": null, ""body"": {""ticker"": ""KXEPLGAME-25NOV22WOLCRY-WOL"", ""side"": ""no"", ""type"": ""limit"", ""price"": 0.01, ""count"": 2, ""time_in_force"": ""GTC"", ""client_order_id"": ""6dd389d8-bbd2-4d77-a15d-4b7f1b223804""}}}"
2025-11-08T05:03:06.503131Z,place,KXEPLGAME-25NOV23ARSTOT-ARS,yes,limit,0.01,2,GTC,21a0e298-336b-4aea-b621-83f6905239d2,"{""dry_run"": true, ""echo"": {""path"": ""orders"", ""params"": null, ""body"": {""ticker"": ""KXEPLGAME-25NOV23ARSTOT-ARS"", ""side"": ""yes"", ""type"": ""limit"", ""price"": 0.01, ""count"": 2, ""time_in_force"": ""GTC"", ""client_order_id"": ""21a0e298-336b-4aea-b621-83f6905239d2""}}}"
2025-11-08T05:03:06.503256Z,place,KXEPLGAME-25NOV23ARSTOT-ARS,no,limit,0.01,2,GTC,f0a431ad-dd06-4971-b965-b4a809a31616,"{""dry_run"": true, ""echo"": {""path"": ""orders"", ""params"": null, ""body"": {""ticker"": ""KXEPLGAME-25NOV23ARSTOT-ARS"", ""side"": ""no"", ""type"": ""limit"", ""price"": 0.01, ""count"": 2, ""time_in_force"": ""GTC"", ""client_order_id"": ""f0a431ad-dd06-4971-b965-b4a809a31616""}}}"
2025-11-08T05:03:06.623959Z,place,KXEPLGAME-25NOV23ARSTOT-TIE,yes,limit,0.01,2,GTC,185d348e-6684-4122-a46c-651923217fa6,"{""dry_run"": true, ""echo"": {""path"": ""orders"", ""params"": null, ""body"": {""ticker"": ""KXEPLGAME-25NOV23ARSTOT-TIE"", ""side"": ""yes"", ""type"": ""limit"", ""price"": 0.01, ""count"": 2, ""time_in_force"": ""GTC"", ""client_order_id"": ""185d348e-6684-4122-a46c-651923217fa6""}}}"
2025-11-08T05:03:06.624080Z,place,KXEPLGAME-25NOV23ARSTOT-TIE,no,limit,0.01,2,GTC,4f09dc8c-9801-4e69-a249-1848c1bc52ea,"{""dry_run"": true, ""echo"": {""path"": ""orders"", ""params"": null, ""body"": {""ticker"": ""KXEPLGAME-25NOV23ARSTOT-TIE"", ""side"": ""no"", ""type"": ""limit"", ""price"": 0.01, ""count"": 2, ""time_in_force"": ""GTC"", ""client_order_id"": ""4f09dc8c-9801-4e69-a249-1848c1bc52ea""}}}"
2025-11-08T05:03:06.737728Z,place,KXEPLGAME-25NOV23ARSTOT-TOT,yes,limit,0.01,2,GTC,845baf9f-62b5-49a7-b8bd-bf968f4ea7fd,"{""dry_run"": true, ""echo"": {""path"": ""orders"", ""params"": null, ""body"": {""ticker"": ""KXEPLGAME-25NOV23ARSTOT-TOT"", ""side"": ""yes"", ""type"": ""limit"", ""price"": 0.01, ""count"": 2, ""time_in_force"": ""GTC"", ""client_order_id"": ""845baf9f-62b5-49a7-b8bd-bf968f4ea7fd""}}}"
2025-11-08T05:03:06.737851Z,place,KXEPLGAME-25NOV23ARSTOT-TOT,no,limit,0.01,2,GTC,8cb15ea6-f150-45c3-96d9-7ae8cbf2678e,"{""dry_run"": true, ""echo"": {""path"": ""orders"", ""params"": null, ""body"": {""ticker"": ""KXEPLGAME-25NOV23ARSTOT-TOT"", ""side"": ""no"", ""type"": ""limit"", ""price"": 0.01, ""count"": 2, ""time_in_force"": ""GTC"", ""client_order_id"": ""8cb15ea6-f150-45c3-96d9-7ae8cbf2678e""}}}"
2025-11-08T05:03:06.847380Z,place,KXEPLGAME-25NOV23LEEAVL-AVL,yes,limit,0.01,2,GTC,34010e08-c395-4739-8b1b-86c25902b287,"{""dry_run"": true, ""echo"": {""path"": ""orders"", ""params"": null, ""body"": {""ticker"": ""KXEPLGAME-25NOV23LEEAVL-AVL"", ""side"": ""yes"", ""type"": ""limit"", ""price"": 0.01, ""count"": 2, ""time_in_force"": ""GTC"", ""client_order_id"": ""34010e08-c395-4739-8b1b-86c25902b287""}}}"
2025-11-08T05:03:06.847590Z,place,KXEPLGAME-25NOV23LEEAVL-AVL,no,limit,0.01,2,GTC,2ca8a868-c5dd-4263-9d92-8c4c35becdfb,"{""dry_run"": true, ""echo"": {""path"": ""orders"", ""params"": null, ""body"": {""ticker"": ""KXEPLGAME-25NOV23LEEAVL-AVL"", ""side"": ""no"", ""type"": ""limit"", ""price"": 0.01, ""count"": 2, ""time_in_force"": ""GTC"", ""client_order_id"": ""2ca8a868-c5dd-4263-9d92-8c4c35becdfb""}}}"
2025-11-08T05:03:06.967255Z,place,KXEPLGAME-25NOV23LEEAVL-LEE,yes,limit,0.01,2,GTC,70193849-0710-403b-b652-d55aed305000,"{""dry_run"": true, ""echo"": {""path"": ""orders"", ""params"": null, ""body"": {""ticker"": ""KXEPLGAME-25NOV23LEEAVL-LEE"", ""side"": ""yes"", ""type"": ""limit"", ""price"": 0.01, ""count"": 2, ""time_in_force"": ""GTC"", ""client_order_id"": ""70193849-0710-403b-b652-d55aed305000""}}}"
2025-11-08T05:03:06.967415Z,place,KXEPLGAME-25NOV23LEEAVL-LEE,no,limit,0.01,2,GTC,5d2da46b-c886-4dd9-b98b-4665e9c95721,"{""dry_run"": true, ""echo"": {""path"": ""orders"", ""params"": null, ""body"": {""ticker"": ""KXEPLGAME-25NOV23LEEAVL-LEE"", ""side"": ""no"", ""type"": ""limit"", ""price"": 0.01, ""count"": 2, ""time_in_force"": ""GTC"", ""client_order_id"": ""5d2da46b-c886-4dd9-b98b-4665e9c95721""}}}"
2025-11-08T05:03:07.078030Z,place,KXEPLGAME-25NOV23LEEAVL-TIE,yes,limit,0.01,2,GTC,43eee7e5-34c3-4f14-b143-271d325d9869,"{""dry_run"": true, ""echo"": {""path"": ""orders"", ""params"": null, ""body"": {""ticker"": ""KXEPLGAME-25NOV23LEEAVL-TIE"", ""side"": ""yes"", ""type"": ""limit"", ""price"": 0.01, ""count"": 2, ""time_in_force"": ""GTC"", ""client_order_id"": ""43eee7e5-34c3-4f14-b143-271d325d9869""}}}"
2025-11-08T05:03:07.078179Z,place,KXEPLGAME-25NOV23LEEAVL-TIE,no,limit,0.01,2,GTC,d48c3cf0-d1a4-4cdd-b5f4-672db77f85bc,"{""dry_run"": true, ""echo"": {""path"": ""orders"", ""params"": null, ""body"": {""ticker"": ""KXEPLGAME-25NOV23LEEAVL-TIE"", ""side"": ""no"", ""type"": ""limit"", ""price"": 0.01, ""count"": 2, ""time_in_force"": ""GTC"", ""client_order_id"": ""d48c3cf0-d1a4-4cdd-b5f4-672db77f85bc""}}}"
